{
  "_global": {
    "clean_dv2_mean": 0.1735,
    "clean_dv2_std": 0.084713,
    "clean_length_mean": 773.8,
    "threshold_dv2": 0.309266,
    "threshold_c2": 0.245,
    "auc_dv2": 0.770,
    "auc_c2": 0.822,
    "n_total": 2228,
    "n_clean": 1115,
    "n_dirty": 1113
  },
  "gemma2-9b": {
    "clean_dv2_mean": 0.172088,
    "clean_dv2_std": 0.089359,
    "clean_length_mean": 798.4,
    "threshold_dv2": 0.216638,
    "threshold_c2": 0.230457,
    "auc_dv2": 0.7532,
    "auc_c2": 0.811,
    "n_total": 324,
    "n_clean": 162,
    "n_dirty": 162
  },
  "gpt-oss-20b": {
    "clean_dv2_mean": 0.175333,
    "clean_dv2_std": 0.086634,
    "clean_length_mean": 799.6,
    "threshold_dv2": 0.231024,
    "threshold_c2": 0.234268,
    "auc_dv2": 0.7423,
    "auc_c2": 0.8048,
    "n_total": 324,
    "n_clean": 162,
    "n_dirty": 162
  },
  "mistral-7b": {
    "clean_dv2_mean": 0.174783,
    "clean_dv2_std": 0.084152,
    "clean_length_mean": 755.0,
    "threshold_dv2": 0.306266,
    "threshold_c2": 0.242416,
    "auc_dv2": 0.7886,
    "auc_c2": 0.8361,
    "n_total": 1256,
    "n_clean": 629,
    "n_dirty": 627
  },
  "qwen3-8b": {
    "clean_dv2_mean": 0.168094,
    "clean_dv2_std": 0.079784,
    "clean_length_mean": 795.8,
    "threshold_dv2": 0.289981,
    "threshold_c2": 0.242111,
    "auc_dv2": 0.749,
    "auc_c2": 0.8014,
    "n_total": 324,
    "n_clean": 162,
    "n_dirty": 162
  }
}